COUNTRY,YEAR,SEX,AGE,SUICIDE_NO,POPULATION,SUICIDES/100K_POPULATION,GDP_FOR_YEAR,GDP_PER_CAPITA,GENERATION,CO2_EMISSIONS,CONSUMER_PRICE_INDEX,TOTAL_LABOUR_FORCE
Russian Federation,1989,Male,75+ years,1393,1349100,103.25,506500173960,3740,G.I. Generation,2163530,0.054,74515335
Russian Federation,1989,Male,35-54 years,12030,18058500,66.62,506500173960,3740,Silent,2163530,0.054,74515335
Russian Federation,1989,Male,55-74 years,6250,9383700,66.6,506500173960,3740,G.I. Generation,2163530,0.054,74515335
Russian Federation,1989,Male,25-34 years,6856,12748800,53.78,506500173960,3740,Boomers,2163530,0.054,74515335
Russian Federation,1989,Female,75+ years,1677,4738100,35.39,506500173960,3740,G.I. Generation,2163530,0.000,74515335
Russian Federation,1989,Male,15-24 years,2581,10073900,25.62,506500173960,3740,Generation X,2163530,0.054,74515335
Russian Federation,1989,Female,55-74 years,3042,15522500,19.6,506500173960,3740,G.I. Generation,2163530,0.000,74515335
Russian Federation,1989,Female,35-54 years,2326,19316700,12.04,506500173960,3740,Silent,2163530,0.000,74515335
Russian Federation,1989,Female,25-34 years,827,12470000,6.63,506500173960,3740,Boomers,2163530,0.000,74515335
Russian Federation,1989,Female,15-24 years,628,9650700,6.51,506500173960,3740,Generation X,2163530,0.000,74515335
Russian Federation,1989,Male,5-14 years,263,11233200,2.34,506500173960,3740,Generation X,2163530,0.054,74515335
Russian Federation,1989,Female,5-14 years,48,10898600,0.44,506500173960,3740,Generation X,2163530,0.000,74515335
Russian Federation,1990,Male,75+ years,1366,1382500,98.81,516814274022,3789,G.I. Generation,2163530,0.054,74840658
Russian Federation,1990,Male,35-54 years,12517,18495100,67.68,516814274022,3789,Silent,2163530,0.054,74840658
Russian Federation,1990,Male,55-74 years,6401,9577500,66.83,516814274022,3789,G.I. Generation,2163530,0.054,74840658
Russian Federation,1990,Male,25-34 years,6868,12477900,55.04,516814274022,3789,Boomers,2163530,0.054,74840658
Russian Federation,1990,Female,75+ years,1608,4847400,33.17,516814274022,3789,G.I. Generation,2163530,0.000,74840658
Russian Federation,1990,Male,15-24 years,2874,10059700,28.57,516814274022,3789,Generation X,2163530,0.054,74840658
Russian Federation,1990,Female,55-74 years,3064,15534000,19.72,516814274022,3789,G.I. Generation,2163530,0.000,74840658
Russian Federation,1990,Female,35-54 years,2467,19730400,12.5,516814274022,3789,Silent,2163530,0.000,74840658
Russian Federation,1990,Female,25-34 years,910,12197600,7.46,516814274022,3789,Boomers,2163530,0.000,74840658
Russian Federation,1990,Female,15-24 years,641,9649700,6.64,516814274022,3789,Generation X,2163530,0.000,74840658
Russian Federation,1990,Male,5-14 years,260,11397000,2.28,516814274022,3789,Generation X,2163530,0.054,74840658
Russian Federation,1990,Female,5-14 years,52,11049400,0.47,516814274022,3789,Generation X,2163530,0.000,74840658
Russian Federation,1991,Male,75+ years,1326,1371000,96.72,517962962963,3773,G.I. Generation,2136440,0.054,75175592
Russian Federation,1991,Male,35-54 years,12746,18782900,67.86,517962962963,3773,Boomers,2136440,0.054,75175592
Russian Federation,1991,Male,55-74 years,6566,9894400,66.36,517962962963,3773,Silent,2136440,0.054,75175592
Russian Federation,1991,Male,25-34 years,6901,12157500,56.76,517962962963,3773,Boomers,2136440,0.054,75175592
Russian Federation,1991,Female,75+ years,1510,4831000,31.26,517962962963,3773,G.I. Generation,2136440,0.000,75175592
Russian Federation,1991,Male,15-24 years,2984,10112700,29.51,517962962963,3773,Generation X,2136440,0.054,75175592
Russian Federation,1991,Female,55-74 years,2926,15781500,18.54,517962962963,3773,Silent,2136440,0.000,75175592
Russian Federation,1991,Female,35-54 years,2429,19987200,12.15,517962962963,3773,Boomers,2136440,0.000,75175592
Russian Federation,1991,Female,25-34 years,888,11901200,7.46,517962962963,3773,Boomers,2136440,0.000,75175592
Russian Federation,1991,Female,15-24 years,642,9697300,6.62,517962962963,3773,Generation X,2136440,0.000,75175592
Russian Federation,1991,Male,5-14 years,298,11561800,2.58,517962962963,3773,Millenials,2136440,0.054,75175592
Russian Federation,1991,Female,5-14 years,65,11204500,0.58,517962962963,3773,Millenials,2136440,0.000,75175592
Russian Federation,1992,Male,75+ years,1233,1340500,91.98,460290556901,3333,G.I. Generation,2030810,0.054,75761461
Russian Federation,1992,Male,35-54 years,15824,18933500,83.58,460290556901,3333,Boomers,2030810,0.054,75761461
Russian Federation,1992,Male,55-74 years,8014,10319200,77.66,460290556901,3333,Silent,2030810,0.054,75761461
Russian Federation,1992,Male,25-34 years,7958,11773600,67.59,460290556901,3333,Boomers,2030810,0.054,75761461
Russian Federation,1992,Male,15-24 years,3447,10235100,33.68,460290556901,3333,Generation X,2030810,0.054,75761461
Russian Federation,1992,Female,75+ years,1458,4741300,30.75,460290556901,3333,G.I. Generation,2030810,0.000,75761461
Russian Federation,1992,Female,55-74 years,3133,16206600,19.33,460290556901,3333,Silent,2030810,0.000,75761461
Russian Federation,1992,Female,35-54 years,2768,20093200,13.78,460290556901,3333,Boomers,2030810,0.000,75761461
Russian Federation,1992,Female,25-34 years,990,11561000,8.56,460290556901,3333,Boomers,2030810,0.000,75761461
Russian Federation,1992,Female,15-24 years,704,9791500,7.19,460290556901,3333,Generation X,2030810,0.000,75761461
Russian Federation,1992,Male,5-14 years,318,11747200,2.71,460290556901,3333,Millenials,2030810,0.054,75761461
Russian Federation,1992,Female,5-14 years,76,11376200,0.67,460290556901,3333,Millenials,2030810,0.000,75761461
Russian Federation,1993,Male,35-54 years,20256,18908000,107.13,435083713851,3160,Boomers,1880250,0.522,73935343
Russian Federation,1993,Male,75+ years,1364,1302200,104.75,435083713851,3160,G.I. Generation,1880250,0.522,73935343
Russian Federation,1993,Male,55-74 years,10118,10681300,94.73,435083713851,3160,Silent,1880250,0.522,73935343
Russian Federation,1993,Male,25-34 years,9328,11260400,82.84,435083713851,3160,Boomers,1880250,0.522,73935343
Russian Federation,1993,Male,15-24 years,4347,10306400,42.18,435083713851,3160,Generation X,1880250,0.522,73935343
Russian Federation,1993,Female,75+ years,1468,4615000,31.81,435083713851,3160,G.I. Generation,1880250,1.000,73935343
Russian Federation,1993,Female,55-74 years,3433,16579000,20.71,435083713851,3160,Silent,1880250,1.000,73935343
Russian Federation,1993,Female,35-54 years,3163,20012400,15.81,435083713851,3160,Boomers,1880250,1.000,73935343
Russian Federation,1993,Female,25-34 years,1154,11063800,10.43,435083713851,3160,Boomers,1880250,1.000,73935343
Russian Federation,1993,Female,15-24 years,785,9824100,7.99,435083713851,3160,Generation X,1880250,1.000,73935343
Russian Federation,1993,Male,5-14 years,337,11763700,2.86,435083713851,3160,Millenials,1880250,0.522,73935343
Russian Federation,1993,Female,5-14 years,93,11376500,0.82,435083713851,3160,Millenials,1880250,1.000,73935343
Russian Federation,1994,Male,35-54 years,22338,19044200,117.3,395077301248,2853,Boomers,1685050,2.129,71995898
Russian Federation,1994,Male,75+ years,1412,1281400,110.19,395077301248,2853,G.I. Generation,1685050,2.129,71995898
Russian Federation,1994,Male,55-74 years,11431,11006300,103.86,395077301248,2853,Silent,1685050,2.129,71995898
Russian Federation,1994,Male,25-34 years,10310,10947200,94.18,395077301248,2853,Boomers,1685050,2.129,71995898
Russian Federation,1994,Male,15-24 years,5177,10518500,49.22,395077301248,2853,Generation X,1685050,2.129,71995898
Russian Federation,1994,Female,75+ years,1454,4526500,32.12,395077301248,2853,G.I. Generation,1685050,2.000,71995898
Russian Federation,1994,Female,55-74 years,3489,16977700,20.55,395077301248,2853,Silent,1685050,2.000,71995898
Russian Federation,1994,Female,35-54 years,3257,20124300,16.18,395077301248,2853,Boomers,1685050,2.000,71995898
Russian Federation,1994,Female,25-34 years,1198,10708700,11.19,395077301248,2853,Boomers,1685050,2.000,71995898
Russian Federation,1994,Female,15-24 years,915,10036800,9.12,395077301248,2853,Generation X,1685050,2.000,71995898
Russian Federation,1994,Male,5-14 years,364,11857400,3.07,395077301248,2853,Millenials,1685050,2.129,71995898
Russian Federation,1994,Female,5-14 years,75,11447200,0.66,395077301248,2853,Millenials,1685050,2.000,71995898
Russian Federation,1995,Male,35-54 years,21706,19249600,112.76,395531066563,2844,Boomers,1635490,6.332,71660096
Russian Federation,1995,Male,55-74 years,11152,11227000,99.33,395531066563,2844,Silent,1635490,6.332,71660096
Russian Federation,1995,Male,75+ years,1182,1258900,93.89,395531066563,2844,G.I. Generation,1635490,6.332,71660096
Russian Federation,1995,Male,25-34 years,9787,10700700,91.46,395531066563,2844,Generation X,1635490,6.332,71660096
Russian Federation,1995,Male,15-24 years,5733,10678300,53.69,395531066563,2844,Generation X,1635490,6.332,71660096
Russian Federation,1995,Female,75+ years,1546,4436700,34.85,395531066563,2844,G.I. Generation,1635490,6.000,71660096
Russian Federation,1995,Female,55-74 years,3499,17293700,20.23,395531066563,2844,Silent,1635490,6.000,71660096
Russian Federation,1995,Female,35-54 years,3328,20339300,16.36,395531066563,2844,Boomers,1635490,6.000,71660096
Russian Federation,1995,Female,25-34 years,1179,10375900,11.36,395531066563,2844,Generation X,1635490,6.000,71660096
Russian Federation,1995,Female,15-24 years,1003,10253200,9.78,395531066563,2844,Generation X,1635490,6.000,71660096
Russian Federation,1995,Male,5-14 years,355,11854400,2.99,395531066563,2844,Millenials,1635490,6.332,71660096
Russian Federation,1995,Female,5-14 years,78,11419400,0.68,395531066563,2844,Millenials,1635490,6.000,71660096
Russian Federation,1996,Male,35-54 years,20562,19507100,105.41,391719993757,2813,Boomers,1601180,9.355,70897545
Russian Federation,1996,Male,75+ years,1192,1242800,95.91,391719993757,2813,G.I. Generation,1601180,9.355,70897545
Russian Federation,1996,Male,55-74 years,10754,11361400,94.65,391719993757,2813,Silent,1601180,9.355,70897545
Russian Federation,1996,Male,25-34 years,9214,10443600,88.23,391719993757,2813,Generation X,1601180,9.355,70897545
Russian Federation,1996,Male,15-24 years,5784,10772000,53.69,391719993757,2813,Generation X,1601180,9.355,70897545
Russian Federation,1996,Female,75+ years,1418,4369100,32.46,391719993757,2813,G.I. Generation,1601180,9.000,70897545
Russian Federation,1996,Female,55-74 years,3205,17502200,18.31,391719993757,2813,Silent,1601180,9.000,70897545
Russian Federation,1996,Female,35-54 years,2953,20618800,14.32,391719993757,2813,Boomers,1601180,9.000,70897545
Russian Federation,1996,Female,25-34 years,1127,10062400,11.2,391719993757,2813,Generation X,1601180,9.000,70897545
Russian Federation,1996,Female,15-24 years,904,10409100,8.68,391719993757,2813,Generation X,1601180,9.000,70897545
Russian Federation,1996,Male,5-14 years,320,11716700,2.73,391719993757,2813,Millenials,1601180,9.355,70897545
Russian Federation,1996,Female,5-14 years,78,11267400,0.69,391719993757,2813,Millenials,1601180,9.000,70897545
Russian Federation,1997,Male,75+ years,1205,1241100,97.09,404926534140,2907,G.I. Generation,1489510,10.736,69592688
Russian Federation,1997,Male,35-54 years,18973,19913400,95.28,404926534140,2907,Boomers,1489510,10.736,69592688
Russian Federation,1997,Male,55-74 years,10726,11327500,94.69,404926534140,2907,Silent,1489510,10.736,69592688
Russian Federation,1997,Male,25-34 years,8222,10242100,80.28,404926534140,2907,Generation X,1489510,10.736,69592688
Russian Federation,1997,Male,15-24 years,5780,10874000,53.15,404926534140,2907,Generation X,1489510,10.736,69592688
Russian Federation,1997,Female,75+ years,1424,4360900,32.65,404926534140,2907,G.I. Generation,1489510,11.000,69592688
Russian Federation,1997,Female,55-74 years,3180,17453600,18.22,404926534140,2907,Silent,1489510,11.000,69592688
Russian Federation,1997,Female,35-54 years,2819,21047500,13.39,404926534140,2907,Boomers,1489510,11.000,69592688
Russian Federation,1997,Female,25-34 years,1050,9833800,10.68,404926534140,2907,Generation X,1489510,11.000,69592688
Russian Federation,1997,Female,15-24 years,945,10556600,8.95,404926534140,2907,Generation X,1489510,11.000,69592688
Russian Federation,1997,Male,5-14 years,346,11444500,3.02,404926534140,2907,Millenials,1489510,10.736,69592688
Russian Federation,1997,Female,5-14 years,76,10988200,0.69,404926534140,2907,Millenials,1489510,11.000,69592688
Russian Federation,1998,Male,35-54 years,18058,20487900,88.14,270953116950,1948,Boomers,1487970,13.709,68860327
Russian Federation,1998,Male,75+ years,1110,1261400,88,270953116950,1948,G.I. Generation,1487970,13.709,68860327
Russian Federation,1998,Male,55-74 years,9683,11058100,87.56,270953116950,1948,Silent,1487970,13.709,68860327
Russian Federation,1998,Male,25-34 years,7634,10104200,75.55,270953116950,1948,Generation X,1487970,13.709,68860327
Russian Federation,1998,Male,15-24 years,5729,11040600,51.89,270953116950,1948,Generation X,1487970,13.709,68860327
Russian Federation,1998,Female,75+ years,1431,4434700,32.27,270953116950,1948,G.I. Generation,1487970,14.000,68860327
Russian Federation,1998,Female,55-74 years,2917,17046200,17.11,270953116950,1948,Silent,1487970,14.000,68860327
Russian Federation,1998,Female,35-54 years,2715,21695000,12.51,270953116950,1948,Boomers,1487970,14.000,68860327
Russian Federation,1998,Female,25-34 years,902,9685600,9.31,270953116950,1948,Generation X,1487970,14.000,68860327
Russian Federation,1998,Female,15-24 years,927,10752700,8.62,270953116950,1948,Generation X,1487970,14.000,68860327
Russian Federation,1998,Male,5-14 years,333,11006800,3.03,270953116950,1948,Millenials,1487970,13.709,68860327
Russian Federation,1998,Female,5-14 years,79,10548900,0.75,270953116950,1948,Millenials,1487970,14.000,68860327
Russian Federation,1999,Male,55-74 years,10609,10669100,99.44,195905767669,1412,Silent,1523720,25.463,72934202
Russian Federation,1999,Male,35-54 years,20705,21016400,98.52,195905767669,1412,Boomers,1523720,25.463,72934202
Russian Federation,1999,Male,75+ years,1128,1310400,86.08,195905767669,1412,G.I. Generation,1523720,25.463,72934202
Russian Federation,1999,Male,25-34 years,8101,10022400,80.83,195905767669,1412,Generation X,1523720,25.463,72934202
Russian Federation,1999,Male,15-24 years,6120,11232900,54.48,195905767669,1412,Generation X,1523720,25.463,72934202
Russian Federation,1999,Female,75+ years,1490,4569600,32.61,195905767669,1412,G.I. Generation,1523720,25.000,72934202
Russian Federation,1999,Female,55-74 years,3072,16457600,18.67,195905767669,1412,Silent,1523720,25.000,72934202
Russian Federation,1999,Female,35-54 years,3128,22337800,14,195905767669,1412,Boomers,1523720,25.000,72934202
Russian Federation,1999,Female,25-34 years,1041,9616300,10.83,195905767669,1412,Generation X,1523720,25.000,72934202
Russian Federation,1999,Female,15-24 years,1080,10957600,9.86,195905767669,1412,Generation X,1523720,25.000,72934202
Russian Federation,1999,Male,5-14 years,402,10490300,3.83,195905767669,1412,Millenials,1523720,25.463,72934202
Russian Federation,1999,Female,5-14 years,98,10037400,0.98,195905767669,1412,Millenials,1523720,25.000,72934202
Russian Federation,2000,Male,35-54 years,21063,21378098,98.53,259708496267,1879,Boomers,1563850,30.760,73312709
Russian Federation,2000,Male,55-74 years,9656,10282841,93.9,259708496267,1879,Silent,1563850,30.760,73312709
Russian Federation,2000,Male,25-34 years,8654,10025181,86.32,259708496267,1879,Generation X,1563850,30.760,73312709
Russian Federation,2000,Male,75+ years,1165,1380292,84.4,259708496267,1879,G.I. Generation,1563850,30.760,73312709
Russian Federation,2000,Male,15-24 years,6578,11393600,57.73,259708496267,1879,Generation X,1563850,30.760,73312709
Russian Federation,2000,Female,75+ years,1382,4729070,29.22,259708496267,1879,G.I. Generation,1563850,31.000,73312709
Russian Federation,2000,Female,55-74 years,2646,15887955,16.65,259708496267,1879,Silent,1563850,31.000,73312709
Russian Federation,2000,Female,35-54 years,2926,22830770,12.82,259708496267,1879,Boomers,1563850,31.000,73312709
Russian Federation,2000,Female,25-34 years,1027,9648389,10.64,259708496267,1879,Generation X,1563850,31.000,73312709
Russian Federation,2000,Female,15-24 years,1015,11120027,9.13,259708496267,1879,Generation X,1563850,31.000,73312709
Russian Federation,2000,Male,5-14 years,404,9986252,4.05,259708496267,1879,Millenials,1563850,30.760,73312709
Russian Federation,2000,Female,5-14 years,103,9543220,1.08,259708496267,1879,Millenials,1563850,31.000,73312709
Russian Federation,2001,Male,35-54 years,21262,21476420,99,306602673980,2229,Boomers,1567170,37.366,72007910
Russian Federation,2001,Male,55-74 years,9234,10030533,92.06,306602673980,2229,Silent,1567170,37.366,72007910
Russian Federation,2001,Male,25-34 years,8886,10078045,88.17,306602673980,2229,Generation X,1567170,37.366,72007910
Russian Federation,2001,Male,75+ years,1236,1485110,83.23,306602673980,2229,Silent,1567170,37.366,72007910
Russian Federation,2001,Male,15-24 years,6945,11547645,60.14,306602673980,2229,Millenials,1567170,37.366,72007910
Russian Federation,2001,Female,75+ years,1349,4919708,27.42,306602673980,2229,Silent,1567170,37.000,72007910
Russian Federation,2001,Female,55-74 years,2471,15506563,15.94,306602673980,2229,Silent,1567170,37.000,72007910
Russian Federation,2001,Female,35-54 years,2920,23046634,12.67,306602673980,2229,Boomers,1567170,37.000,72007910
Russian Federation,2001,Female,25-34 years,1087,9733290,11.17,306602673980,2229,Generation X,1567170,37.000,72007910
Russian Federation,2001,Female,15-24 years,1065,11270161,9.45,306602673980,2229,Millenials,1567170,37.000,72007910
Russian Federation,2001,Male,5-14 years,389,9428879,4.13,306602673980,2229,Millenials,1567170,37.366,72007910
Russian Federation,2001,Female,5-14 years,114,8998521,1.27,306602673980,2229,Millenials,1567170,37.000,72007910
Russian Federation,2002,Male,35-54 years,20119,21320535,94.36,345110438692,2527,Boomers,1565340,43.265,72965301
Russian Federation,2002,Male,55-74 years,8850,9892090,89.47,345110438692,2527,Silent,1565340,43.265,72965301
Russian Federation,2002,Male,25-34 years,8696,10156286,85.62,345110438692,2527,Generation X,1565340,43.265,72965301
Russian Federation,2002,Male,75+ years,1297,1622258,79.95,345110438692,2527,Silent,1565340,43.265,72965301
Russian Federation,2002,Male,15-24 years,6667,11714752,56.91,345110438692,2527,Millenials,1565340,43.265,72965301
Russian Federation,2002,Female,75+ years,1452,5126645,28.32,345110438692,2527,Silent,1565340,43.000,72965301
Russian Federation,2002,Female,55-74 years,2472,15292297,16.17,345110438692,2527,Silent,1565340,43.000,72965301
Russian Federation,2002,Female,35-54 years,2910,22995821,12.65,345110438692,2527,Boomers,1565340,43.000,72965301
Russian Federation,2002,Female,25-34 years,1086,9838656,11.04,345110438692,2527,Generation X,1565340,43.000,72965301
Russian Federation,2002,Female,15-24 years,1054,11425220,9.23,345110438692,2527,Millenials,1565340,43.000,72965301
Russian Federation,2002,Male,5-14 years,338,8810074,3.84,345110438692,2527,Millenials,1565340,43.265,72965301
Russian Federation,2002,Female,5-14 years,83,8396266,0.99,345110438692,2527,Millenials,1565340,43.000,72965301
Russian Federation,2003,Male,75+ years,1497,1648684,90.8,430347770732,3141,Silent,1610000,49.177,72845412
Russian Federation,2003,Male,35-54 years,18681,21007346,88.93,430347770732,3141,Boomers,1610000,49.177,72845412
Russian Federation,2003,Male,55-74 years,8314,9920853,83.8,430347770732,3141,Silent,1610000,49.177,72845412
Russian Federation,2003,Male,25-34 years,8085,10260634,78.8,430347770732,3141,Generation X,1610000,49.177,72845412
Russian Federation,2003,Male,15-24 years,6134,12256012,50.05,430347770732,3141,Millenials,1610000,49.177,72845412
Russian Federation,2003,Female,75+ years,1420,5170321,27.46,430347770732,3141,Silent,1610000,49.000,72845412
Russian Federation,2003,Female,55-74 years,2214,15243314,14.52,430347770732,3141,Silent,1610000,49.000,72845412
Russian Federation,2003,Female,35-54 years,2718,23024470,11.8,430347770732,3141,Boomers,1610000,49.000,72845412
Russian Federation,2003,Female,25-34 years,1050,10257511,10.24,430347770732,3141,Generation X,1610000,49.000,72845412
Russian Federation,2003,Female,15-24 years,969,11942216,8.11,430347770732,3141,Millenials,1610000,49.000,72845412
Russian Federation,2003,Male,5-14 years,284,8328381,3.41,430347770732,3141,Millenials,1610000,49.177,72845412
Russian Federation,2003,Female,5-14 years,79,7960126,0.99,430347770732,3141,Millenials,1610000,49.000,72845412
Russian Federation,2004,Male,75+ years,1580,1776778,88.93,591016690743,4312,Silent,1600980,54.532,73570472
Russian Federation,2004,Male,35-54 years,17465,20843896,83.79,591016690743,4312,Boomers,1600980,54.532,73570472
Russian Federation,2004,Male,55-74 years,7715,9924764,77.73,591016690743,4312,Silent,1600980,54.532,73570472
Russian Federation,2004,Male,25-34 years,7955,10461766,76.04,591016690743,4312,Generation X,1600980,54.532,73570472
Russian Federation,2004,Male,15-24 years,5891,12425537,47.41,591016690743,4312,Millenials,1600980,54.532,73570472
Russian Federation,2004,Female,75+ years,1398,5370057,26.03,591016690743,4312,Silent,1600980,55.000,73570472
Russian Federation,2004,Female,55-74 years,2029,15236313,13.32,591016690743,4312,Silent,1600980,55.000,73570472
Russian Federation,2004,Female,35-54 years,2668,22956701,11.62,591016690743,4312,Boomers,1600980,55.000,73570472
Russian Federation,2004,Female,25-34 years,1042,10494419,9.93,591016690743,4312,Generation X,1600980,55.000,73570472
Russian Federation,2004,Female,15-24 years,992,12088752,8.21,591016690743,4312,Millenials,1600980,55.000,73570472
Russian Federation,2004,Male,5-14 years,288,7919935,3.64,591016690743,4312,Millenials,1600980,54.532,73570472
Russian Federation,2004,Female,5-14 years,73,7572781,0.96,591016690743,4312,Millenials,1600980,55.000,73570472
Russian Federation,2005,Male,75+ years,1599,1885942,84.79,764017107992,5611,Silent,1611980,61.449,74140578
Russian Federation,2005,Male,35-54 years,15843,20550405,77.09,764017107992,5611,Boomers,1611980,61.449,74140578
Russian Federation,2005,Male,25-34 years,7796,10578048,73.7,764017107992,5611,Generation X,1611980,61.449,74140578
Russian Federation,2005,Male,55-74 years,7144,9977150,71.6,764017107992,5611,Silent,1611980,61.449,74140578
Russian Federation,2005,Male,15-24 years,5750,12357989,46.53,764017107992,5611,Millenials,1611980,61.449,74140578
Russian Federation,2005,Female,75+ years,1304,5535287,23.56,764017107992,5611,Silent,1611980,61.000,74140578
Russian Federation,2005,Female,55-74 years,1884,15297324,12.32,764017107992,5611,Silent,1611980,61.000,74140578
Russian Federation,2005,Female,35-54 years,2311,22722081,10.17,764017107992,5611,Boomers,1611980,61.000,74140578
Russian Federation,2005,Female,25-34 years,992,10640505,9.32,764017107992,5611,Generation X,1611980,61.000,74140578
Russian Federation,2005,Female,15-24 years,904,12011488,7.53,764017107992,5611,Millenials,1611980,61.000,74140578
Russian Federation,2005,Male,5-14 years,206,7467908,2.76,764017107992,5611,Millenials,1611980,61.449,74140578
Russian Federation,2005,Female,5-14 years,69,7138064,0.97,764017107992,5611,Millenials,1611980,61.000,74140578
Russian Federation,2006,Male,75+ years,1701,1966649,86.49,989930542279,7313,Silent,1654850,67.390,74432744
Russian Federation,2006,Male,25-34 years,7584,10691395,70.94,989930542279,7313,Generation X,1654850,67.390,74432744
Russian Federation,2006,Male,35-54 years,14020,20336306,68.94,989930542279,7313,Boomers,1654850,67.390,74432744
Russian Federation,2006,Male,55-74 years,6562,10054153,65.27,989930542279,7313,Silent,1654850,67.390,74432744
Russian Federation,2006,Male,15-24 years,5319,12174930,43.69,989930542279,7313,Millenials,1654850,67.390,74432744
Russian Federation,2006,Female,75+ years,1401,5646287,24.81,989930542279,7313,Silent,1654850,67.000,74432744
Russian Federation,2006,Female,55-74 years,1719,15405634,11.16,989930542279,7313,Silent,1654850,67.000,74432744
Russian Federation,2006,Female,35-54 years,2189,22545749,9.71,989930542279,7313,Boomers,1654850,67.000,74432744
Russian Federation,2006,Female,25-34 years,974,10784340,9.03,989930542279,7313,Generation X,1654850,67.000,74432744
Russian Federation,2006,Female,15-24 years,869,11819245,7.35,989930542279,7313,Millenials,1654850,67.000,74432744
Russian Federation,2006,Male,5-14 years,201,7123987,2.82,989930542279,7313,Millenials,1654850,67.390,74432744
Russian Federation,2006,Female,5-14 years,75,6808787,1.1,989930542279,7313,Millenials,1654850,67.000,74432744
Russian Federation,2007,Male,75+ years,1660,2015773,82.35,1299705247686,9643,Silent,1658150,73.460,75462934
Russian Federation,2007,Male,25-34 years,7483,10843276,69.01,1299705247686,9643,Generation X,1658150,73.460,75462934
Russian Federation,2007,Male,35-54 years,13065,20173873,64.76,1299705247686,9643,Boomers,1658150,73.460,75462934
Russian Federation,2007,Male,55-74 years,6151,10209479,60.25,1299705247686,9643,Silent,1658150,73.460,75462934
Russian Federation,2007,Male,15-24 years,5257,11862129,44.32,1299705247686,9643,Millenials,1658150,73.460,75462934
Russian Federation,2007,Female,75+ years,1358,5710937,23.78,1299705247686,9643,Silent,1658150,73.000,75462934
Russian Federation,2007,Female,55-74 years,1738,15620091,11.13,1299705247686,9643,Silent,1658150,73.000,75462934
Russian Federation,2007,Female,35-54 years,2176,22379725,9.72,1299705247686,9643,Boomers,1658150,73.000,75462934
Russian Federation,2007,Female,25-34 years,1051,10944247,9.6,1299705247686,9643,Generation X,1658150,73.000,75462934
Russian Federation,2007,Female,15-24 years,949,11502702,8.25,1299705247686,9643,Millenials,1658150,73.000,75462934
Russian Federation,2007,Male,5-14 years,192,6911384,2.78,1299705247686,9643,Generation Z,1658150,73.460,75462934
Russian Federation,2007,Female,5-14 years,69,6605348,1.04,1299705247686,9643,Generation Z,1658150,73.000,75462934
Russian Federation,2008,Male,75+ years,1712,2029226,84.37,1660844408500,12359,Silent,1655190,83.826,76004239
Russian Federation,2008,Male,25-34 years,6860,11091377,61.85,1660844408500,12359,Generation X,1655190,83.826,76004239
Russian Federation,2008,Male,35-54 years,11848,20041975,59.12,1660844408500,12359,Boomers,1655190,83.826,76004239
Russian Federation,2008,Male,55-74 years,5855,10403205,56.28,1660844408500,12359,Silent,1655190,83.826,76004239
Russian Federation,2008,Male,15-24 years,4863,11377099,42.74,1660844408500,12359,Millenials,1655190,83.826,76004239
Russian Federation,2008,Female,75+ years,1285,5714841,22.49,1660844408500,12359,Silent,1655190,84.000,76004239
Russian Federation,2008,Female,55-74 years,1613,15906813,10.14,1660844408500,12359,Silent,1655190,84.000,76004239
Russian Federation,2008,Female,35-54 years,2040,22229346,9.18,1660844408500,12359,Boomers,1655190,84.000,76004239
Russian Federation,2008,Female,25-34 years,981,11179123,8.78,1660844408500,12359,Generation X,1655190,84.000,76004239
Russian Federation,2008,Female,15-24 years,916,11025088,8.31,1660844408500,12359,Millenials,1655190,84.000,76004239
Russian Federation,2008,Male,5-14 years,148,6848169,2.16,1660844408500,12359,Generation Z,1655190,83.826,76004239
Russian Federation,2008,Female,5-14 years,90,6539687,1.38,1660844408500,12359,Generation Z,1655190,84.000,76004239
Russian Federation,2009,Male,75+ years,1534,2012787,76.21,1222643696992,9118,Silent,1546670,93.590,76014195
Russian Federation,2009,Male,25-34 years,7233,11373727,63.59,1222643696992,9118,Generation X,1546670,93.590,76014195
Russian Federation,2009,Male,35-54 years,11721,19901557,58.89,1222643696992,9118,Boomers,1546670,93.590,76014195
Russian Federation,2009,Male,55-74 years,5637,10645241,52.95,1222643696992,9118,Silent,1546670,93.590,76014195
Russian Federation,2009,Male,15-24 years,4632,10819693,42.81,1222643696992,9118,Millenials,1546670,93.590,76014195
Russian Federation,2009,Female,75+ years,1133,5657810,20.03,1222643696992,9118,Silent,1546670,94.000,76014195
Russian Federation,2009,Female,55-74 years,1519,16287675,9.33,1222643696992,9118,Silent,1546670,94.000,76014195
Russian Federation,2009,Female,35-54 years,1930,22050450,8.75,1222643696992,9118,Boomers,1546670,94.000,76014195
Russian Federation,2009,Female,25-34 years,986,11440839,8.62,1222643696992,9118,Generation X,1546670,94.000,76014195
Russian Federation,2009,Female,15-24 years,839,10472951,8.01,1222643696992,9118,Millenials,1546670,94.000,76014195
Russian Federation,2009,Male,5-14 years,166,6869835,2.42,1222643696992,9118,Generation Z,1546670,93.590,76014195
Russian Federation,2009,Female,5-14 years,78,6552868,1.19,1222643696992,9118,Generation Z,1546670,94.000,76014195
Russian Federation,2010,Male,75+ years,1506,2023458,74.43,1524916112079,11307,Silent,1617830,100.000,75880787
Russian Federation,2010,Male,25-34 years,6508,11398127,57.1,1524916112079,11307,Generation X,1617830,100.000,75880787
Russian Federation,2010,Male,35-54 years,10304,19786280,52.08,1524916112079,11307,Generation X,1617830,100.000,75880787
Russian Federation,2010,Male,55-74 years,5178,11174530,46.34,1524916112079,11307,Silent,1617830,100.000,75880787
Russian Federation,2010,Male,15-24 years,3934,10546669,37.3,1524916112079,11307,Millenials,1617830,100.000,75880787
Russian Federation,2010,Female,75+ years,1041,5711389,18.23,1524916112079,11307,Silent,1617830,100.000,75880787
Russian Federation,2010,Female,55-74 years,1354,16921727,8,1524916112079,11307,Silent,1617830,100.000,75880787
Russian Federation,2010,Female,25-34 years,893,11473939,7.78,1524916112079,11307,Generation X,1617830,100.000,75880787
Russian Federation,2010,Female,35-54 years,1680,21894031,7.67,1524916112079,11307,Generation X,1617830,100.000,75880787
Russian Federation,2010,Female,15-24 years,763,10241329,7.45,1524916112079,11307,Millenials,1617830,100.000,75880787
Russian Federation,2010,Male,5-14 years,131,7012170,1.87,1524916112079,11307,Generation Z,1617830,100.000,75880787
Russian Federation,2010,Female,5-14 years,64,6682338,0.96,1524916112079,11307,Generation Z,1617830,100.000,75880787
Russian Federation,2011,Male,75+ years,1485,2093449,70.94,2051661732060,15226,Silent,1699090,108.440,76029232
Russian Federation,2011,Male,25-34 years,6011,11598196,51.83,2051661732060,15226,Millenials,1699090,108.440,76029232
Russian Federation,2011,Male,35-54 years,9411,19684905,47.81,2051661732060,15226,Generation X,1699090,108.440,76029232
Russian Federation,2011,Male,55-74 years,4892,11401026,42.91,2051661732060,15226,Boomers,1699090,108.440,76029232
Russian Federation,2011,Male,15-24 years,3569,10070836,35.44,2051661732060,15226,Millenials,1699090,108.440,76029232
Russian Federation,2011,Female,75+ years,1103,5829088,18.92,2051661732060,15226,Silent,1699090,108.000,76029232
Russian Federation,2011,Female,15-24 years,740,9723773,7.61,2051661732060,15226,Millenials,1699090,108.000,76029232
Russian Federation,2011,Female,55-74 years,1300,17200185,7.56,2051661732060,15226,Boomers,1699090,108.000,76029232
Russian Federation,2011,Female,25-34 years,843,11638171,7.24,2051661732060,15226,Millenials,1699090,108.000,76029232
Russian Federation,2011,Female,35-54 years,1515,21733089,6.97,2051661732060,15226,Generation X,1699090,108.000,76029232
Russian Federation,2011,Male,5-14 years,102,7052757,1.45,2051661732060,15226,Generation Z,1699090,108.440,76029232
Russian Federation,2011,Female,5-14 years,67,6720399,1,2051661732060,15226,Generation Z,1699090,108.000,76029232
Russian Federation,2012,Male,75+ years,1486,2211989,67.18,2210256976945,16413,Silent,1675760,113.944,75820112
Russian Federation,2012,Male,25-34 years,5762,11845892,48.64,2210256976945,16413,Millenials,1675760,113.944,75820112
Russian Federation,2012,Male,35-54 years,8755,19588712,44.69,2210256976945,16413,Generation X,1675760,113.944,75820112
Russian Federation,2012,Male,55-74 years,4804,11597408,41.42,2210256976945,16413,Boomers,1675760,113.944,75820112
Russian Federation,2012,Male,15-24 years,3275,9484213,34.53,2210256976945,16413,Millenials,1675760,113.944,75820112
Russian Federation,2012,Female,75+ years,1095,6062562,18.06,2210256976945,16413,Silent,1675760,114.000,75820112
Russian Federation,2012,Female,25-34 years,866,11827264,7.32,2210256976945,16413,Millenials,1675760,114.000,75820112
Russian Federation,2012,Female,35-54 years,1572,21564691,7.29,2210256976945,16413,Generation X,1675760,114.000,75820112
Russian Federation,2012,Female,55-74 years,1229,17375445,7.07,2210256976945,16413,Boomers,1675760,114.000,75820112
Russian Federation,2012,Female,15-24 years,627,9131383,6.87,2210256976945,16413,Millenials,1675760,114.000,75820112
Russian Federation,2012,Male,5-14 years,107,7159170,1.49,2210256976945,16413,Generation Z,1675760,113.944,75820112
Russian Federation,2012,Female,5-14 years,65,6819793,0.95,2210256976945,16413,Generation Z,1675760,114.000,75820112
Russian Federation,2013,Male,75+ years,1549,2349484,65.93,2297128039058,17052,Silent,1632680,121.639,75450406
Russian Federation,2013,Male,25-34 years,5825,12057910,48.31,2297128039058,17052,Millenials,1632680,121.639,75450406
Russian Federation,2013,Male,35-54 years,8815,19484117,45.24,2297128039058,17052,Generation X,1632680,121.639,75450406
Russian Federation,2013,Male,55-74 years,4644,11808589,39.33,2297128039058,17052,Boomers,1632680,121.639,75450406
Russian Federation,2013,Male,15-24 years,2770,8908926,31.09,2297128039058,17052,Millenials,1632680,121.639,75450406
Russian Federation,2013,Female,75+ years,1000,6355318,15.73,2297128039058,17052,Silent,1632680,122.000,75450406
Russian Federation,2013,Female,35-54 years,1454,21385188,6.8,2297128039058,17052,Generation X,1632680,122.000,75450406
Russian Federation,2013,Female,25-34 years,803,11984461,6.7,2297128039058,17052,Millenials,1632680,122.000,75450406
Russian Federation,2013,Female,55-74 years,1154,17517861,6.59,2297128039058,17052,Boomers,1632680,122.000,75450406
Russian Federation,2013,Female,15-24 years,511,8554683,5.97,2297128039058,17052,Millenials,1632680,122.000,75450406
Russian Federation,2013,Male,5-14 years,111,7327888,1.51,2297128039058,17052,Generation Z,1632680,121.639,75450406
Russian Federation,2013,Female,5-14 years,54,6979537,0.77,2297128039058,17052,Generation Z,1632680,122.000,75450406
Russian Federation,2014,Male,75+ years,1597,2349484,67.97,2063662665172,15319,Silent,1611960,131.155,75248204
Russian Federation,2014,Male,25-34 years,5276,12057910,43.76,2063662665172,15319,Millenials,1611960,131.155,75248204
Russian Federation,2014,Male,35-54 years,8105,19484117,41.6,2063662665172,15319,Generation X,1611960,131.155,75248204
Russian Federation,2014,Male,55-74 years,4501,11808589,38.12,2063662665172,15319,Boomers,1611960,131.155,75248204
Russian Federation,2014,Male,15-24 years,2311,8908926,25.94,2063662665172,15319,Millenials,1611960,131.155,75248204
Russian Federation,2014,Female,75+ years,1019,6355318,16.03,2063662665172,15319,Silent,1611960,131.000,75248204
Russian Federation,2014,Female,55-74 years,1105,17517861,6.31,2063662665172,15319,Boomers,1611960,131.000,75248204
Russian Federation,2014,Female,35-54 years,1297,21385188,6.06,2063662665172,15319,Generation X,1611960,131.000,75248204
Russian Federation,2014,Female,25-34 years,723,11984461,6.03,2063662665172,15319,Millenials,1611960,131.000,75248204
Russian Federation,2014,Female,15-24 years,467,8554683,5.46,2063662665172,15319,Millenials,1611960,131.000,75248204
Russian Federation,2014,Male,5-14 years,96,7327888,1.31,2063662665172,15319,Generation Z,1611960,131.155,75248204
Russian Federation,2014,Female,5-14 years,44,6979537,0.63,2063662665172,15319,Generation Z,1611960,131.000,75248204
Russian Federation,2015,Male,75+ years,1519,2608590,58.23,1368400705491,9987,Silent,1592560,151.529,75016902
Russian Federation,2015,Male,35-54 years,7898,19598084,40.3,1368400705491,9987,Generation X,1592560,151.529,75016902
Russian Federation,2015,Male,25-34 years,4994,12407057,40.25,1368400705491,9987,Millenials,1592560,151.529,75016902
Russian Federation,2015,Male,55-74 years,4443,12564884,35.36,1368400705491,9987,Boomers,1592560,151.529,75016902
Russian Federation,2015,Male,15-24 years,1928,7995706,24.11,1368400705491,9987,Millenials,1592560,151.529,75016902
Russian Federation,2015,Female,75+ years,953,6957819,13.7,1368400705491,9987,Silent,1592560,152.000,75016902
Russian Federation,2015,Female,35-54 years,1391,21387236,6.5,1368400705491,9987,Generation X,1592560,152.000,75016902
Russian Federation,2015,Female,25-34 years,730,12264840,5.95,1368400705491,9987,Millenials,1592560,152.000,75016902
Russian Federation,2015,Female,55-74 years,1062,18280577,5.81,1368400705491,9987,Boomers,1592560,152.000,75016902
Russian Federation,2015,Female,15-24 years,378,7653174,4.94,1368400705491,9987,Millenials,1592560,152.000,75016902
Russian Federation,2015,Male,5-14 years,79,7836667,1.01,1368400705491,9987,Generation Z,1592560,151.529,75016902
Russian Federation,2015,Female,5-14 years,57,7464309,0.76,1368400705491,9987,Generation Z,1592560,152.000,75016902
